,Order_ID,Distance_km,Weather,Traffic_Level,Time_of_Day,Vehicle_Type,Preparation_Time_min,Courier_Experience_yrs,Delivery_Time_min
1,738,16.42,Clear,Medium,Evening,Bike,20,2.0,84
307,577,3.37,Clear,High,Morning,Bike,9,,28
790,506,3.67,Clear,Low,,Bike,9,0.0,26
247,78,1.94,Rainy,Medium,Morning,Bike,16,0.0,35
562,835,10.22,Foggy,Low,Afternoon,Scooter,21,0.0,61
105,645,2.84,Clear,Low,Evening,Scooter,24,2.0,35
398,758,10.9,Clear,High,Afternoon,Scooter,6,8.0,47
693,733,13.47,Rainy,Low,Afternoon,Scooter,7,6.0,46
489,498,2.02,Clear,High,Evening,Bike,28,5.0,44
283,291,1.09,Clear,Medium,Morning,Scooter,6,2.0,17
488,168,4.14,Rainy,Low,Morning,Bike,23,2.0,41
72,591,3.21,Rainy,High,Night,Scooter,16,0.0,42
359,145,6.05,Clear,Medium,Morning,Car,24,0.0,48
720,959,3.74,Rainy,Low,Morning,Bike,19,6.0,36
914,390,16.23,Clear,Medium,Evening,Bike,6,0.0,54
982,872,5.78,Clear,High,Morning,Bike,11,5.0,38
646,968,6.29,,Medium,Morning,Scooter,10,7.0,27
846,574,12.63,Foggy,Medium,Night,Scooter,8,8.0,49
577,471,0.74,Rainy,Low,Morning,Car,13,4.0,21
642,38,2.4,Snowy,Low,Night,Scooter,27,5.0,42
350,182,2.71,Clear,Low,Morning,Scooter,6,1.0,20
88,754,7.03,Clear,Low,Evening,Scooter,21,1.0,44
415,711,15.32,Clear,Medium,Morning,Bike,17,6.0,80
718,609,10.32,Clear,Medium,Night,Car,24,5.0,49
721,198,17.99,Windy,High,Evening,Bike,5,1.0,73
539,447,19.73,Rainy,Low,Evening,Bike,8,8.0,64
173,990,16.47,Snowy,High,Evening,Scooter,20,9.0,75
401,468,17.44,Clear,Low,Evening,Bike,25,9.0,89
277,604,2.23,Clear,Low,Morning,Bike,7,6.0,14
156,310,5.78,Foggy,Low,Afternoon,Scooter,9,9.0,33
279,784,7.24,Rainy,Medium,Evening,Bike,28,6.0,65
450,586,5.18,Clear,Medium,Afternoon,Car,9,2.0,30
550,117,16.17,Clear,Medium,Evening,Car,10,2.0,116
226,545,12.55,Windy,Low,Evening,Bike,13,8.0,51
380,239,13.09,Windy,Low,,Scooter,17,1.0,69
859,773,2.99,Foggy,High,Afternoon,Bike,9,5.0,90
920,206,0.68,Snowy,High,Evening,Bike,29,8.0,50
561,1000,9.2,Clear,High,Morning,Scooter,9,9.0,48
618,985,14.7,Clear,Medium,Evening,Scooter,24,5.0,75
831,767,15.37,Snowy,Medium,Afternoon,Car,15,5.0,66
500,681,16.43,Clear,Low,Evening,Bike,13,5.0,56
958,511,12.46,Foggy,Low,Afternoon,Bike,10,1.0,62
775,899,0.75,Clear,Medium,Afternoon,Bike,10,5.0,16
542,237,5.98,Foggy,High,Morning,Bike,14,6.0,44
857,231,16.0,Foggy,Medium,Afternoon,Scooter,13,3.0,65
584,809,9.29,Clear,Medium,Morning,Bike,17,2.0,49
261,466,7.81,Clear,Low,Evening,Bike,11,4.0,42
719,144,6.37,Rainy,Low,Afternoon,Car,29,4.0,56
111,824,8.26,Snowy,Low,Afternoon,Bike,15,1.0,57
961,561,14.23,Clear,Medium,Afternoon,Scooter,23,7.0,70
152,978,1.5,Clear,Low,Afternoon,Bike,10,1.0,17
944,485,11.89,Clear,Medium,Afternoon,Bike,28,0.0,79
203,558,1.06,,Low,Afternoon,Scooter,19,6.0,21
830,398,8.87,Clear,Low,Evening,Bike,19,3.0,55
626,49,11.16,Foggy,Medium,Afternoon,Car,21,4.0,77
313,708,16.29,Clear,Low,Morning,Bike,20,1.0,72
611,302,10.86,Windy,Medium,,Car,10,4.0,60
558,47,6.58,Clear,Low,Afternoon,Bike,13,1.0,34
506,685,18.62,Clear,Low,Evening,Scooter,27,6.0,75
201,536,18.92,Clear,High,Morning,Scooter,27,4.0,100
517,180,3.18,Rainy,Medium,Evening,Bike,21,3.0,42
269,382,14.09,Clear,High,Afternoon,Bike,12,6.0,67
546,513,18.69,Windy,Medium,Night,Bike,23,9.0,74
948,244,7.72,Foggy,High,Evening,Bike,19,4.0,64
792,988,8.98,Clear,Medium,Afternoon,Scooter,22,8.0,105
108,169,1.3,Clear,Medium,Evening,Bike,22,4.0,31
519,23,6.2,Windy,High,Evening,Scooter,7,3.0,42
492,757,12.59,Windy,Medium,Morning,Bike,13,9.0,62
772,318,3.88,Snowy,Low,Morning,Bike,9,6.0,33
645,470,19.28,Snowy,Medium,Morning,Car,21,3.0,101
995,107,8.5,Clear,High,Evening,Car,13,3.0,54
731,416,9.24,Windy,,Afternoon,Bike,8,2.0,49
799,847,2.16,Clear,Medium,Night,Car,10,1.0,23
766,374,13.82,Clear,Medium,Evening,Bike,21,9.0,72
62,543,4.96,Rainy,High,Morning,Bike,21,0.0,60
699,151,18.21,,Low,Evening,Bike,6,3.0,74
77,40,9.08,Clear,Low,Afternoon,Scooter,14,5.0,49
602,323,13.37,Foggy,Medium,Evening,Scooter,16,9.0,71
757,820,7.04,Clear,Low,Afternoon,Bike,11,8.0,38
805,243,18.34,Snowy,Medium,Afternoon,Scooter,22,,91
234,34,19.0,Clear,High,Morning,Car,28,3.0,96
722,610,13.96,Rainy,Low,Night,Bike,5,1.0,42
346,553,11.26,Foggy,High,Afternoon,Bike,14,2.0,70
97,89,17.8,Windy,High,Afternoon,Car,12,9.0,73
47,602,5.93,Clear,Low,Afternoon,Scooter,19,3.0,36
892,725,11.7,Rainy,Low,Afternoon,Bike,17,5.0,60
734,907,16.44,Windy,High,Afternoon,Car,8,0.0,80
979,662,19.74,Rainy,High,Afternoon,Scooter,11,7.0,81
341,405,6.74,Rainy,Medium,Evening,Car,21,9.0,47
752,761,3.46,Clear,Low,Morning,Bike,24,6.0,37
697,298,4.71,Clear,Low,Morning,Bike,20,6.0,31
134,530,17.36,Rainy,High,Afternoon,Bike,24,1.0,105
451,874,8.47,Foggy,Medium,Evening,Bike,24,0.0,68
884,764,15.01,Clear,Medium,Morning,Bike,15,6.0,64
195,409,18.15,Rainy,High,Morning,Bike,22,7.0,108
695,263,3.23,Clear,High,Afternoon,Bike,17,9.0,33
769,234,10.1,Clear,High,Morning,Car,17,6.0,55
478,606,9.49,Rainy,Medium,Morning,Car,23,6.0,53
399,998,3.17,Clear,Low,Afternoon,Bike,17,1.0,28
241,205,12.33,Clear,Medium,Evening,Bike,22,9.0,75
616,980,12.14,Foggy,High,Afternoon,Bike,12,0.0,65
791,640,7.86,Windy,Medium,Morning,Car,22,2.0,55
741,771,2.66,Clear,Low,Afternoon,Bike,16,8.0,21
822,575,17.32,Clear,Low,Evening,Scooter,10,3.0,77
263,267,14.09,Clear,Medium,Afternoon,Scooter,12,3.0,55
653,504,16.37,Clear,High,Morning,Bike,26,7.0,97
927,92,14.41,Rainy,,Night,Bike,16,6.0,85
301,441,2.15,Windy,Medium,Afternoon,Car,17,6.0,30
347,904,11.87,Clear,Medium,Morning,Bike,10,6.0,43
358,327,11.31,Clear,High,Evening,Bike,20,0.0,67
803,796,17.51,Clear,Medium,Evening,Bike,15,3.0,60
771,677,2.68,Clear,Low,Morning,Bike,16,8.0,25
679,208,13.44,Clear,,Evening,Scooter,9,5.0,55
532,623,7.72,Rainy,Medium,Morning,Bike,11,,36
43,975,1.11,Clear,Low,Morning,Bike,5,6.0,8
181,671,3.88,Clear,Medium,Morning,Bike,16,2.0,35
667,104,10.42,Windy,Medium,Afternoon,Bike,28,3.0,72
655,831,4.88,Windy,Medium,Afternoon,Scooter,26,7.0,48
622,852,15.12,Foggy,Low,Morning,Bike,14,1.0,58
590,246,18.6,Rainy,Medium,Morning,Car,28,9.0,77
643,966,7.44,Rainy,Medium,Evening,Bike,6,1.0,39
4,412,19.03,Clear,Low,Morning,Bike,16,5.0,68
383,235,4.31,Rainy,Medium,Afternoon,Bike,9,2.0,35
349,940,11.74,Clear,Low,Afternoon,Car,20,1.0,52
23,528,5.83,Clear,High,Evening,Car,27,9.0,56
143,282,7.09,Snowy,Low,Morning,Scooter,13,8.0,37
723,280,16.02,Clear,Low,Evening,Bike,20,7.0,61
310,595,17.99,Snowy,Low,Afternoon,Bike,15,3.0,63
676,152,5.17,Foggy,Low,Morning,Bike,29,0.0,56
871,129,0.64,Clear,High,Night,Bike,10,3.0,24
534,845,3.4,Windy,Medium,Morning,Bike,11,6.0,30
743,914,8.48,Clear,High,Night,Bike,11,5.0,39
11,77,15.54,Clear,Low,Night,Bike,29,1.0,76
353,70,19.74,,Low,,Car,21,7.0,71
458,376,6.72,Foggy,Low,Evening,Bike,8,5.0,31
31,140,19.45,Rainy,High,Morning,Scooter,20,6.0,108
211,142,5.41,Clear,Medium,Night,Bike,14,5.0,36
849,48,10.64,Clear,Medium,Afternoon,Scooter,14,5.0,45
118,535,15.5,Clear,Medium,Morning,Scooter,28,9.0,91
870,648,13.74,Foggy,Medium,Afternoon,Bike,6,1.0,56
300,542,12.32,Clear,Medium,Evening,Scooter,17,4.0,71
318,729,4.43,Foggy,Low,Morning,Scooter,10,1.0,63
397,443,7.8,Rainy,Medium,Morning,Bike,11,7.0,49
947,832,9.32,Rainy,Medium,Evening,Scooter,24,2.0,71
878,15,4.05,Snowy,Medium,Evening,Scooter,19,2.0,50
783,377,16.98,Clear,Low,,Bike,11,6.0,78
324,778,14.58,Clear,Low,Afternoon,Bike,13,,57
894,702,1.51,Clear,High,Evening,Bike,26,1.0,44
640,365,18.86,Snowy,Medium,Night,Bike,18,1.0,89
556,370,1.85,Clear,Medium,Evening,Bike,10,1.0,24
806,699,3.51,Windy,Medium,Night,Bike,22,2.0,44
85,549,10.65,Clear,,Afternoon,Scooter,23,8.0,58
877,813,2.93,Clear,Medium,Morning,Bike,24,8.0,94
876,65,5.98,Clear,Low,Evening,Car,22,9.0,35
246,431,3.29,Clear,Medium,Afternoon,Scooter,17,4.0,32
34,371,2.47,Windy,Medium,Morning,Bike,27,2.0,44
936,601,3.79,Clear,Medium,Morning,Bike,13,2.0,34
227,351,10.31,Foggy,Medium,Morning,Scooter,19,5.0,62
906,730,3.69,Rainy,Medium,Afternoon,Bike,8,8.0,27
352,896,4.5,Snowy,High,Evening,Bike,24,0.0,66
83,68,16.14,Clear,Low,Night,Car,6,9.0,65
42,313,0.99,,Medium,Evening,Bike,15,,32
548,592,13.0,Windy,High,Morning,Bike,22,8.0,65
384,221,13.32,Windy,Medium,Afternoon,Bike,26,0.0,71
214,656,2.99,Windy,Medium,Morning,Bike,27,5.0,41
235,32,3.83,Rainy,Medium,Afternoon,Bike,12,9.0,30
875,963,5.28,Foggy,Low,Morning,Bike,27,6.0,53
228,905,8.72,Snowy,Medium,Evening,Car,18,7.0,64
943,819,1.57,Rainy,Low,Evening,Car,16,1.0,30
322,303,11.04,Clear,Medium,Afternoon,Scooter,8,2.0,54
22,372,0.86,Clear,High,Afternoon,Bike,26,5.0,37
382,793,10.36,Rainy,Medium,Afternoon,Bike,7,8.0,39
848,503,6.54,Clear,Medium,Night,Bike,10,7.0,39
231,995,7.54,Snowy,Low,Afternoon,Bike,20,,55
543,488,5.98,Rainy,High,Morning,Bike,21,2.0,60
549,127,16.45,,Medium,Evening,Scooter,25,3.0,87
325,507,18.26,Rainy,High,Night,Scooter,28,7.0,93
998,436,14.17,Clear,Low,Afternoon,Bike,8,0.0,55
15,900,2.17,Snowy,Low,Evening,Car,15,3.0,35
689,304,12.93,Rainy,Low,Afternoon,Scooter,25,0.0,61
124,238,0.97,Clear,Low,Night,Scooter,24,8.0,26
455,635,2.59,Windy,Medium,,Bike,13,5.0,28
217,250,17.13,Rainy,Low,Evening,Car,19,1.0,71
119,295,2.98,Foggy,,Night,Bike,11,2.0,27
807,160,14.7,Clear,Medium,Morning,Scooter,6,2.0,58
572,787,11.88,Rainy,High,Afternoon,Car,29,9.0,78
911,772,17.01,Snowy,Low,Night,Bike,28,6.0,97
836,643,4.62,Rainy,Medium,Afternoon,Car,8,3.0,33
785,225,5.67,Clear,Low,Morning,Scooter,11,9.0,27
147,245,0.8,Snowy,High,Evening,Bike,14,9.0,36
529,94,11.44,Rainy,Medium,Evening,Car,20,2.0,57
262,98,8.84,Clear,,Morning,Bike,26,0.0,57
169,311,9.06,Clear,Medium,Evening,Bike,23,4.0,47
206,166,16.79,Foggy,High,Afternoon,Bike,24,6.0,85
404,619,16.22,Rainy,High,Evening,Bike,22,0.0,102
254,399,15.14,Rainy,Medium,Morning,Bike,8,6.0,66
317,353,13.34,Clear,Medium,Night,Bike,20,6.0,53
159,885,16.1,Clear,Low,Evening,Bike,25,0.0,64
903,202,2.14,Clear,Low,Afternoon,Bike,25,1.0,36
434,279,14.19,Clear,Medium,Afternoon,Bike,9,1.0,57
